{
    "accuracy": 0.928,
    "precison": 0.9652087475149106,
    "recall": 0.9300766283524904,
    "f1": 0.9473170731707317
}